\\Yearly Real Time Market Price Report,,,
\\Created at 2023-12-22 08:03:48,,,
\\For 2023,,,
,,,Ontario
DELIVERY_DATE,DELIVERY_HOUR,INTERVAL,ENGY_ON
19-12-2023,23,12,26.96
19-12-2023,24,1,27.82
19-12-2023,24,2,25.09
19-12-2023,24,3,22.9
19-12-2023,24,4,22.4
19-12-2023,24,5,21.17
19-12-2023,24,6,21.17
19-12-2023,24,7,20.98
19-12-2023,24,8,20.98
19-12-2023,24,9,20.98
19-12-2023,24,10,20.98
19-12-2023,24,11,20.98
19-12-2023,24,12,14.4
20-12-2023,1,1,34.29
20-12-2023,1,2,26.33
20-12-2023,1,3,26.32
20-12-2023,1,4,26.25
20-12-2023,1,5,21.34
20-12-2023,1,6,14
20-12-2023,1,7,16.06
20-12-2023,1,8,16.05
20-12-2023,1,9,14.4
20-12-2023,1,10,21.88
20-12-2023,1,11,16.06
20-12-2023,1,12,16.06
20-12-2023,2,1,21.88
20-12-2023,2,2,14
20-12-2023,2,3,21.34
20-12-2023,2,4,21.34
20-12-2023,2,5,14
20-12-2023,2,6,16.05
20-12-2023,2,7,21.34
20-12-2023,2,8,14
20-12-2023,2,9,16.06
20-12-2023,2,10,16.06
20-12-2023,2,11,16.05
20-12-2023,2,12,13.38
20-12-2023,3,1,26.25
20-12-2023,3,2,21.88
20-12-2023,3,3,21.88
20-12-2023,3,4,21.88
20-12-2023,3,5,21.34
20-12-2023,3,6,21.34
20-12-2023,3,7,21.91
20-12-2023,3,8,21.88
20-12-2023,3,9,26.15
20-12-2023,3,10,21.88
20-12-2023,3,11,21.88
20-12-2023,3,12,21.34
20-12-2023,4,1,21.34
20-12-2023,4,2,21.88
20-12-2023,4,3,21.34
20-12-2023,4,4,21.88
20-12-2023,4,5,13.39
20-12-2023,4,6,21.34
20-12-2023,4,7,26.15
20-12-2023,4,8,13.39
20-12-2023,4,9,14
20-12-2023,4,10,14
20-12-2023,4,11,13.37
20-12-2023,4,12,16.06
20-12-2023,5,1,26.16
20-12-2023,5,2,26.15
20-12-2023,5,3,26.15
20-12-2023,5,4,26.15
20-12-2023,5,5,21.91
20-12-2023,5,6,26.15
20-12-2023,5,7,26.25
20-12-2023,5,8,26.15
20-12-2023,5,9,26.15
20-12-2023,5,10,27.7
20-12-2023,5,11,26.29
20-12-2023,5,12,26.32
20-12-2023,6,1,26.18
20-12-2023,6,2,26.65
20-12-2023,6,3,26.32
20-12-2023,6,4,26.3
20-12-2023,6,5,30.89
20-12-2023,6,6,27.65
20-12-2023,6,7,26.67
20-12-2023,6,8,30.89
20-12-2023,6,9,29.96
20-12-2023,6,10,29.96
20-12-2023,6,11,27.68
20-12-2023,6,12,30.95
20-12-2023,7,1,26.66
20-12-2023,7,2,29.96
20-12-2023,7,3,30.29
20-12-2023,7,4,29.57
20-12-2023,7,5,30.89
20-12-2023,7,6,30.95
20-12-2023,7,7,30.95
20-12-2023,7,8,31.05
20-12-2023,7,9,31.05
20-12-2023,7,10,31.06
20-12-2023,7,11,31.06
20-12-2023,7,12,31.06
20-12-2023,8,1,26.19
20-12-2023,8,2,30.89
20-12-2023,8,3,30.89
20-12-2023,8,4,31.06
20-12-2023,8,5,31.06
20-12-2023,8,6,31.06
20-12-2023,8,7,31.06
20-12-2023,8,8,31.09
20-12-2023,8,9,31.06
20-12-2023,8,10,31.09
20-12-2023,8,11,31.42
20-12-2023,8,12,31.42
20-12-2023,9,1,31.06
20-12-2023,9,2,31.06
20-12-2023,9,3,31.41
20-12-2023,9,4,31.42
20-12-2023,9,5,31.42
20-12-2023,9,6,34.25
20-12-2023,9,7,34.27
20-12-2023,9,8,34.26
20-12-2023,9,9,34.29
20-12-2023,9,10,34.24
20-12-2023,9,11,34.27
20-12-2023,9,12,34.29
20-12-2023,10,1,31.06
20-12-2023,10,2,31.06
20-12-2023,10,3,31.41
20-12-2023,10,4,31.42
20-12-2023,10,5,31.42
20-12-2023,10,6,31.57
20-12-2023,10,7,31.58
20-12-2023,10,8,31.42
20-12-2023,10,9,31.42
20-12-2023,10,10,31.06
20-12-2023,10,11,31.42
20-12-2023,10,12,31.41
20-12-2023,11,1,34.23
20-12-2023,11,2,33.33
20-12-2023,11,3,31.56
20-12-2023,11,4,34.24
20-12-2023,11,5,34.24
20-12-2023,11,6,34.24
20-12-2023,11,7,34.26
20-12-2023,11,8,34.25
20-12-2023,11,9,34.24
20-12-2023,11,10,34.26
20-12-2023,11,11,34.23
20-12-2023,11,12,33.32
20-12-2023,12,1,34.28
20-12-2023,12,2,34.26
20-12-2023,12,3,34.26
20-12-2023,12,4,31.42
20-12-2023,12,5,31.42
20-12-2023,12,6,31.42
20-12-2023,12,7,31.42
20-12-2023,12,8,31.42
20-12-2023,12,9,31.42
20-12-2023,12,10,31.42
20-12-2023,12,11,31.42
20-12-2023,12,12,31.42
20-12-2023,13,1,34.24
20-12-2023,13,2,33.14
20-12-2023,13,3,33.14
20-12-2023,13,4,34.25
20-12-2023,13,5,34.23
20-12-2023,13,6,34.26
20-12-2023,13,7,34.28
20-12-2023,13,8,34.29
20-12-2023,13,9,34.52
20-12-2023,13,10,36.4
20-12-2023,13,11,36
20-12-2023,13,12,35.48
20-12-2023,14,1,34.52
20-12-2023,14,2,34.53
20-12-2023,14,3,34.29
20-12-2023,14,4,34.31
20-12-2023,14,5,35.83
20-12-2023,14,6,34.56
20-12-2023,14,7,34.3
20-12-2023,14,8,34.56
20-12-2023,14,9,34.31
20-12-2023,14,10,39.64
20-12-2023,14,11,34.3
20-12-2023,14,12,34.29
20-12-2023,15,1,32.41
20-12-2023,15,2,32.42
20-12-2023,15,3,32.76
20-12-2023,15,4,32.41
20-12-2023,15,5,34.23
20-12-2023,15,6,34.24
20-12-2023,15,7,34.25
20-12-2023,15,8,34.23
20-12-2023,15,9,34.23
20-12-2023,15,10,34.25
20-12-2023,15,11,34.25
20-12-2023,15,12,34.23
20-12-2023,16,1,31.06
20-12-2023,16,2,31.06
20-12-2023,16,3,31.41
20-12-2023,16,4,31.42
20-12-2023,16,5,33.13
20-12-2023,16,6,31.42
20-12-2023,16,7,34.23
20-12-2023,16,8,34.23
20-12-2023,16,9,34.25
20-12-2023,16,10,34.26
20-12-2023,16,11,34.27
20-12-2023,16,12,34.31
20-12-2023,17,1,29.84
20-12-2023,17,2,29.98
20-12-2023,17,3,29.98
20-12-2023,17,4,30.19
20-12-2023,17,5,33.42
20-12-2023,17,6,34.24
20-12-2023,17,7,33.78
20-12-2023,17,8,34.23
20-12-2023,17,9,34.29
20-12-2023,17,10,34.31
20-12-2023,17,11,36
20-12-2023,17,12,38
20-12-2023,18,1,34.26
20-12-2023,18,2,34.23
20-12-2023,18,3,34.25
20-12-2023,18,4,34.27
20-12-2023,18,5,34.28
20-12-2023,18,6,34.3
20-12-2023,18,7,34.31
20-12-2023,18,8,35.48
20-12-2023,18,9,34.91
20-12-2023,18,10,34.3
20-12-2023,18,11,34.31
20-12-2023,18,12,34.26
20-12-2023,19,1,51.53
20-12-2023,19,2,51.52
20-12-2023,19,3,36.23
20-12-2023,19,4,35.48
20-12-2023,19,5,35.48
20-12-2023,19,6,35.48
20-12-2023,19,7,34.29
20-12-2023,19,8,34.31
20-12-2023,19,9,34.31
20-12-2023,19,10,34.29
20-12-2023,19,11,34.25
20-12-2023,19,12,32.34
20-12-2023,20,1,50.29
20-12-2023,20,2,50.3
20-12-2023,20,3,45
20-12-2023,20,4,36.23
20-12-2023,20,5,36.23
20-12-2023,20,6,35.48
20-12-2023,20,7,36.23
20-12-2023,20,8,36.23
20-12-2023,20,9,35.48
20-12-2023,20,10,36.23
20-12-2023,20,11,36.23
20-12-2023,20,12,35.17
20-12-2023,21,1,69.55
20-12-2023,21,2,52.1
20-12-2023,21,3,36.6
20-12-2023,21,4,36
20-12-2023,21,5,36
20-12-2023,21,6,36
20-12-2023,21,7,36.23
20-12-2023,21,8,35.48
20-12-2023,21,9,34.28
20-12-2023,21,10,34.26
20-12-2023,21,11,34.24
20-12-2023,21,12,32.33
20-12-2023,22,1,45.46
20-12-2023,22,2,50.78
20-12-2023,22,3,42.15
20-12-2023,22,4,37.44
20-12-2023,22,5,36.04
20-12-2023,22,6,36
20-12-2023,22,7,34.3
20-12-2023,22,8,34.27
20-12-2023,22,9,33.78
20-12-2023,22,10,32.97
20-12-2023,22,11,31.79
20-12-2023,22,12,31.42
20-12-2023,23,1,34.23
20-12-2023,23,2,31.42
20-12-2023,23,3,32.86
20-12-2023,23,4,32.86
20-12-2023,23,5,33.06
20-12-2023,23,6,32.86
20-12-2023,23,7,31.06
20-12-2023,23,8,31.06
20-12-2023,23,9,31.06
20-12-2023,23,10,31.06
20-12-2023,23,11,31.06
20-12-2023,23,12,31.06
20-12-2023,24,1,29.96
20-12-2023,24,2,28.36
20-12-2023,24,3,28.37
20-12-2023,24,4,27.71
20-12-2023,24,5,28.36
20-12-2023,24,6,26.66
20-12-2023,24,7,26.62
20-12-2023,24,8,26.62
20-12-2023,24,9,26.61
20-12-2023,24,10,26.61
20-12-2023,24,11,26.61
20-12-2023,24,12,26.3
21-12-2023,1,1,34.56
21-12-2023,1,2,34.6
21-12-2023,1,3,32.66
21-12-2023,1,4,26.57
21-12-2023,1,5,26.57
21-12-2023,1,6,26.56
21-12-2023,1,7,26.56
21-12-2023,1,8,26.56
21-12-2023,1,9,26.56
21-12-2023,1,10,26.56
21-12-2023,1,11,26.49
21-12-2023,1,12,26.49
21-12-2023,2,1,26.48
21-12-2023,2,2,24.77
21-12-2023,2,3,24.77
21-12-2023,2,4,25.13
21-12-2023,2,5,23.44
21-12-2023,2,6,23.44
21-12-2023,2,7,23.44
21-12-2023,2,8,24.85
21-12-2023,2,9,23.44
21-12-2023,2,10,23.44
21-12-2023,2,11,23.44
21-12-2023,2,12,23.44
21-12-2023,3,1,26.43
21-12-2023,3,2,23.44
21-12-2023,3,3,23.43
21-12-2023,3,4,23.44
21-12-2023,3,5,23.43
21-12-2023,3,6,21.83
21-12-2023,3,7,21.83
21-12-2023,3,8,22.96
21-12-2023,3,9,22.95
21-12-2023,3,10,22.95
21-12-2023,3,11,22.95
21-12-2023,3,12,22.95
21-12-2023,4,1,23.44
21-12-2023,4,2,23.44
21-12-2023,4,3,23.44
21-12-2023,4,4,23.44
21-12-2023,4,5,23.44
21-12-2023,4,6,23.44
21-12-2023,4,7,23.43
21-12-2023,4,8,23.44
21-12-2023,4,9,23.44
21-12-2023,4,10,23.44
21-12-2023,4,11,23.43
21-12-2023,4,12,23.44
21-12-2023,5,1,26.56
21-12-2023,5,2,26.55
21-12-2023,5,3,26.48
21-12-2023,5,4,26.56
21-12-2023,5,5,26.49
21-12-2023,5,6,26.49
21-12-2023,5,7,26.49
21-12-2023,5,8,26.49
21-12-2023,5,9,26.57
21-12-2023,5,10,26.55
21-12-2023,5,11,26.56
21-12-2023,5,12,26.61
21-12-2023,6,1,26.48
21-12-2023,6,2,26.48
21-12-2023,6,3,26.48
21-12-2023,6,4,26.48
21-12-2023,6,5,26.48
21-12-2023,6,6,26.48
21-12-2023,6,7,26.8
21-12-2023,6,8,26.95
21-12-2023,6,9,26.95
21-12-2023,6,10,26.97
21-12-2023,6,11,26.97
21-12-2023,6,12,30.25
21-12-2023,7,1,31.25
21-12-2023,7,2,31.04
21-12-2023,7,3,29.86
21-12-2023,7,4,30.25
21-12-2023,7,5,31.25
21-12-2023,7,6,31.25
21-12-2023,7,7,31.35
21-12-2023,7,8,31.35
21-12-2023,7,9,31.36
21-12-2023,7,10,31.36
21-12-2023,7,11,31.36
21-12-2023,7,12,31.36
21-12-2023,8,1,26.96
21-12-2023,8,2,29.32
21-12-2023,8,3,31.36
21-12-2023,8,4,31.36
21-12-2023,8,5,31.36
21-12-2023,8,6,31.7
21-12-2023,8,7,31.71
21-12-2023,8,8,31.75
21-12-2023,8,9,31.74
21-12-2023,8,10,31.75
21-12-2023,8,11,31.75
21-12-2023,8,12,31.74
21-12-2023,9,1,31.74
21-12-2023,9,2,31.75
21-12-2023,9,3,31.74
21-12-2023,9,4,31.74
21-12-2023,9,5,31.71
21-12-2023,9,6,32.19
21-12-2023,9,7,31.74
21-12-2023,9,8,31.7
21-12-2023,9,9,31.36
21-12-2023,9,10,31.36
21-12-2023,9,11,31.36
21-12-2023,9,12,31.36
21-12-2023,10,1,31.36
21-12-2023,10,2,31.36
21-12-2023,10,3,31.36
21-12-2023,10,4,31.36
21-12-2023,10,5,31.36
21-12-2023,10,6,31.36
21-12-2023,10,7,31.36
21-12-2023,10,8,31.36
21-12-2023,10,9,30.27
21-12-2023,10,10,30.61
21-12-2023,10,11,29.86
21-12-2023,10,12,29.86
21-12-2023,11,1,27.98
21-12-2023,11,2,27.76
21-12-2023,11,3,27.78
21-12-2023,11,4,27.98
21-12-2023,11,5,27.76
21-12-2023,11,6,27.76
21-12-2023,11,7,27.76
21-12-2023,11,8,27.76
21-12-2023,11,9,27.76
21-12-2023,11,10,27.76
21-12-2023,11,11,27.76
21-12-2023,11,12,26.49
21-12-2023,12,1,26.75
21-12-2023,12,2,26.75
21-12-2023,12,3,26.75
21-12-2023,12,4,26.75
21-12-2023,12,5,26.75
21-12-2023,12,6,26.75
21-12-2023,12,7,26.74
21-12-2023,12,8,26.49
21-12-2023,12,9,26.49
21-12-2023,12,10,26.49
21-12-2023,12,11,26.74
21-12-2023,12,12,26.49
21-12-2023,13,1,26.48
21-12-2023,13,2,26.48
21-12-2023,13,3,26.47
21-12-2023,13,4,26.46
21-12-2023,13,5,26.46
21-12-2023,13,6,26.46
21-12-2023,13,7,26.47
21-12-2023,13,8,26.46
21-12-2023,13,9,26.46
21-12-2023,13,10,26.47
21-12-2023,13,11,26.47
21-12-2023,13,12,26.47
21-12-2023,14,1,26.48
21-12-2023,14,2,26.48
21-12-2023,14,3,26.48
21-12-2023,14,4,27.83
21-12-2023,14,5,26.49
21-12-2023,14,6,26.49
21-12-2023,14,7,31.36
21-12-2023,14,8,31.36
21-12-2023,14,9,31.36
21-12-2023,14,10,31.36
21-12-2023,14,11,31.36
21-12-2023,14,12,31.36
21-12-2023,15,1,27
21-12-2023,15,2,28.02
21-12-2023,15,3,28.02
21-12-2023,15,4,28.57
21-12-2023,15,5,28.02
21-12-2023,15,6,28.57
21-12-2023,15,7,30.13
21-12-2023,15,8,30.13
21-12-2023,15,9,30.13
21-12-2023,15,10,31.7
21-12-2023,15,11,31.4
21-12-2023,15,12,31.41
21-12-2023,16,1,27
21-12-2023,16,2,28.02
21-12-2023,16,3,28.02
21-12-2023,16,4,28.57
21-12-2023,16,5,29.61
21-12-2023,16,6,29.86
21-12-2023,16,7,29.62
21-12-2023,16,8,30.13
21-12-2023,16,9,30.13
21-12-2023,16,10,31.7
21-12-2023,16,11,31.7
21-12-2023,16,12,31.71
21-12-2023,17,1,26.48
21-12-2023,17,2,27
21-12-2023,17,3,28.57
21-12-2023,17,4,29.09
21-12-2023,17,5,29.08
21-12-2023,17,6,29.09
21-12-2023,17,7,30.13
21-12-2023,17,8,30.13
21-12-2023,17,9,31.66
21-12-2023,17,10,31.69
21-12-2023,17,11,31.69
21-12-2023,17,12,31.7
21-12-2023,18,1,27
21-12-2023,18,2,28.65
21-12-2023,18,3,29.09
21-12-2023,18,4,29.86
21-12-2023,18,5,30.13
21-12-2023,18,6,29.86
21-12-2023,18,7,30.13
21-12-2023,18,8,30.13
21-12-2023,18,9,30.13
21-12-2023,18,10,29.86
21-12-2023,18,11,30.13
21-12-2023,18,12,29.09
21-12-2023,19,1,34.56
21-12-2023,19,2,31.69
21-12-2023,19,3,31.69
21-12-2023,19,4,31.69
21-12-2023,19,5,31.67
21-12-2023,19,6,31.67
21-12-2023,19,7,31.67
21-12-2023,19,8,31.69
21-12-2023,19,9,31.69
21-12-2023,19,10,30.49
21-12-2023,19,11,31.67
21-12-2023,19,12,31.66
21-12-2023,20,1,34.61
21-12-2023,20,2,34.61
21-12-2023,20,3,34.63
21-12-2023,20,4,34.63
21-12-2023,20,5,34.61
21-12-2023,20,6,34.61
21-12-2023,20,7,34.62
21-12-2023,20,8,34.6
21-12-2023,20,9,34.61
21-12-2023,20,10,34.6
21-12-2023,20,11,34.61
21-12-2023,20,12,34.57
21-12-2023,21,1,62.74
21-12-2023,21,2,62.74
21-12-2023,21,3,40.01
21-12-2023,21,4,40.01
21-12-2023,21,5,40.01
21-12-2023,21,6,40
21-12-2023,21,7,40.01
21-12-2023,21,8,40.01
21-12-2023,21,9,40
21-12-2023,21,10,38.01
21-12-2023,21,11,38
21-12-2023,21,12,36.57
21-12-2023,22,1,39.32
21-12-2023,22,2,39.38
21-12-2023,22,3,38.01
21-12-2023,22,4,38
21-12-2023,22,5,38
21-12-2023,22,6,38
21-12-2023,22,7,38
21-12-2023,22,8,36.46
21-12-2023,22,9,35.82
21-12-2023,22,10,35.82
21-12-2023,22,11,34.57
21-12-2023,22,12,34.57
21-12-2023,23,1,40.13
21-12-2023,23,2,41.36
21-12-2023,23,3,39.33
21-12-2023,23,4,35.82
21-12-2023,23,5,35.18
21-12-2023,23,6,34.58
21-12-2023,23,7,34.55
21-12-2023,23,8,32.4
21-12-2023,23,9,31.7
21-12-2023,23,10,31.71
21-12-2023,23,11,30.13
21-12-2023,23,12,31.25
21-12-2023,24,1,31.35
21-12-2023,24,2,31.25
21-12-2023,24,3,31.25
21-12-2023,24,4,31.25
21-12-2023,24,5,30.23
21-12-2023,24,6,29.86
21-12-2023,24,7,28.02
21-12-2023,24,8,28.02
21-12-2023,24,9,28.02
21-12-2023,24,10,28.02
21-12-2023,24,11,28.66
21-12-2023,24,12,26.85
22-12-2023,1,1,30.73
22-12-2023,1,2,34.01
22-12-2023,1,3,34.03
22-12-2023,1,4,30.11
22-12-2023,1,5,30.73
22-12-2023,1,6,30.73
22-12-2023,1,7,30.11
22-12-2023,1,8,30.73
22-12-2023,1,9,30.73
22-12-2023,1,10,30.73
22-12-2023,1,11,30.73
22-12-2023,1,12,30.73
22-12-2023,2,1,34.01
22-12-2023,2,2,31.84
22-12-2023,2,3,31.84
22-12-2023,2,4,31.76
22-12-2023,2,5,31.84
22-12-2023,2,6,31.84
22-12-2023,2,7,31.84
22-12-2023,2,8,30.11
22-12-2023,2,9,31.22
22-12-2023,2,10,30.73
22-12-2023,2,11,30.73
22-12-2023,2,12,29.73
22-12-2023,3,1,29.73
22-12-2023,3,2,30.07
22-12-2023,3,3,30.11
22-12-2023,3,4,29.78
22-12-2023,3,5,29.74
22-12-2023,3,6,29.36
22-12-2023,3,7,29.39
22-12-2023,3,8,29.36
22-12-2023,3,9,28.15
22-12-2023,3,10,28.82
22-12-2023,3,11,26.07
22-12-2023,3,12,26.07
22-12-2023,4,1,27.73
22-12-2023,4,2,28.16
22-12-2023,4,3,26.1
22-12-2023,4,4,29.36
22-12-2023,4,5,29.36
22-12-2023,4,6,26.07
22-12-2023,4,7,28.16
22-12-2023,4,8,29.36
22-12-2023,4,9,29.36
22-12-2023,4,10,29.4
22-12-2023,4,11,29.78
22-12-2023,4,12,29.74
22-12-2023,5,1,26.1
22-12-2023,5,2,26.06
22-12-2023,5,3,27.73
22-12-2023,5,4,28.82
22-12-2023,5,5,27.4
22-12-2023,5,6,26.13
22-12-2023,5,7,29.36
22-12-2023,5,8,29.36
22-12-2023,5,9,29.4
22-12-2023,5,10,30.73
22-12-2023,5,11,30.73
22-12-2023,5,12,30.73
22-12-2023,6,1,30.83
22-12-2023,6,2,31.22
22-12-2023,6,3,30.83
22-12-2023,6,4,30.83
22-12-2023,6,5,31.21
22-12-2023,6,6,31.22
22-12-2023,6,7,31.22
22-12-2023,6,8,31.84
22-12-2023,6,9,31.84
22-12-2023,6,10,31.84
22-12-2023,6,11,31.86
22-12-2023,6,12,34.02
22-12-2023,7,1,31.22
22-12-2023,7,2,31.53
22-12-2023,7,3,34.01
22-12-2023,7,4,33.45
22-12-2023,7,5,34.03
22-12-2023,7,6,34.06
22-12-2023,7,7,35.24
22-12-2023,7,8,35.24
22-12-2023,7,9,35.84
22-12-2023,7,10,35.84
22-12-2023,7,11,35.84
22-12-2023,7,12,35.84
22-12-2023,8,1,30.84
22-12-2023,8,2,33.4
22-12-2023,8,3,33.4
22-12-2023,8,4,34.02
22-12-2023,8,5,34.06
22-12-2023,8,6,34.07
22-12-2023,8,7,35.36
22-12-2023,8,8,37.56
22-12-2023,8,9,35.99
22-12-2023,8,10,35.99
22-12-2023,8,11,35.99
22-12-2023,8,12,35.99
22-12-2023,9,1,35.85
22-12-2023,9,2,35.99
22-12-2023,9,3,35.85
22-12-2023,9,4,35.84
22-12-2023,9,5,35.85
22-12-2023,9,6,35.85
22-12-2023,9,7,35.84
22-12-2023,9,8,35.85
22-12-2023,9,9,35.85
22-12-2023,9,10,35.85
22-12-2023,9,11,35.85
22-12-2023,9,12,35.84
22-12-2023,10,1,37.55
22-12-2023,10,2,35.99
22-12-2023,10,3,36.23
22-12-2023,10,4,37.55
22-12-2023,10,5,35.99
22-12-2023,10,6,36
22-12-2023,10,7,35.99
22-12-2023,10,8,35.99
22-12-2023,10,9,35.99
22-12-2023,10,10,35.99
22-12-2023,10,11,36.23
22-12-2023,10,12,36.23
22-12-2023,11,1,35.99
22-12-2023,11,2,34.08
22-12-2023,11,3,34.06
22-12-2023,11,4,34.04
22-12-2023,11,5,34.04
22-12-2023,11,6,34.02
22-12-2023,11,7,34.04
22-12-2023,11,8,34.02
22-12-2023,11,9,34.03
22-12-2023,11,10,34.02
22-12-2023,11,11,33.81
22-12-2023,11,12,34.02
22-12-2023,12,1,34.05
22-12-2023,12,2,34.04
22-12-2023,12,3,34.09
22-12-2023,12,4,34.04
22-12-2023,12,5,34.06
22-12-2023,12,6,34.03
22-12-2023,12,7,34.03
22-12-2023,12,8,34.05
22-12-2023,12,9,34.07
22-12-2023,12,10,34.05
22-12-2023,12,11,34.03
22-12-2023,12,12,34.05
22-12-2023,13,1,32.6
22-12-2023,13,2,34.02
22-12-2023,13,3,31.22
22-12-2023,13,4,31.68
22-12-2023,13,5,33.21
22-12-2023,13,6,33.99
22-12-2023,13,7,34
22-12-2023,13,8,33.35
22-12-2023,13,9,33.71
22-12-2023,13,10,34.01
22-12-2023,13,11,33.7
22-12-2023,13,12,33.7
22-12-2023,14,1,35.24
22-12-2023,14,2,35.24
22-12-2023,14,3,34.09
22-12-2023,14,4,35.24
22-12-2023,14,5,34.54
22-12-2023,14,6,34.08
22-12-2023,14,7,34.08
22-12-2023,14,8,34.08
22-12-2023,14,9,34.07
22-12-2023,14,10,34.08
22-12-2023,14,11,34.07
22-12-2023,14,12,34.07
22-12-2023,15,1,31.22
22-12-2023,15,2,31.22
22-12-2023,15,3,31.22
22-12-2023,15,4,33.56
22-12-2023,15,5,34.04
22-12-2023,15,6,34.01
22-12-2023,15,7,32.85
22-12-2023,15,8,33.56
22-12-2023,15,9,34.04
22-12-2023,15,10,34.02
22-12-2023,15,11,33.56
22-12-2023,15,12,33.02
22-12-2023,16,1,30.84
22-12-2023,16,2,31.22
22-12-2023,16,3,31.55
22-12-2023,16,4,33.3
22-12-2023,16,5,31.55
22-12-2023,16,6,31.55
22-12-2023,16,7,33.48
22-12-2023,16,8,34.02
22-12-2023,16,9,34.04
22-12-2023,16,10,34.05
22-12-2023,16,11,34.05
22-12-2023,16,12,34.08
22-12-2023,17,1,31.22
22-12-2023,17,2,33.49
22-12-2023,17,3,31.22
22-12-2023,17,4,34.01
22-12-2023,17,5,34.01
22-12-2023,17,6,34.04
22-12-2023,17,7,34.06
22-12-2023,17,8,34.09
22-12-2023,17,9,36
22-12-2023,17,10,36
22-12-2023,17,11,35.45
22-12-2023,17,12,36
22-12-2023,18,1,31.22
22-12-2023,18,2,34.02
22-12-2023,18,3,34.05
22-12-2023,18,4,34.05
22-12-2023,18,5,34.05
22-12-2023,18,6,34.05
22-12-2023,18,7,34.04
22-12-2023,18,8,34.04
22-12-2023,18,9,33.52
22-12-2023,18,10,34.05
22-12-2023,18,11,34.02
22-12-2023,18,12,31.43
22-12-2023,19,1,35.71
22-12-2023,19,2,34.65
22-12-2023,19,3,34.08
22-12-2023,19,4,34.06
22-12-2023,19,5,34.01
22-12-2023,19,6,34.02
22-12-2023,19,7,33.48
22-12-2023,19,8,32.7
22-12-2023,19,9,34.02
22-12-2023,19,10,31.22
22-12-2023,19,11,31.22
22-12-2023,19,12,31.22
22-12-2023,20,1,36.67
22-12-2023,20,2,35.24
22-12-2023,20,3,34.08
22-12-2023,20,4,34.08
22-12-2023,20,5,34.04
22-12-2023,20,6,34.06
22-12-2023,20,7,34.03
22-12-2023,20,8,34.06
22-12-2023,20,9,34.04
22-12-2023,20,10,34.04
22-12-2023,20,11,34.03
22-12-2023,20,12,31.22
22-12-2023,21,1,34.05
22-12-2023,21,2,34.34
22-12-2023,21,3,34.07
22-12-2023,21,4,34.03
22-12-2023,21,5,34.06
22-12-2023,21,6,34.01
22-12-2023,21,7,34.02
22-12-2023,21,8,32.5
22-12-2023,21,9,34.03
22-12-2023,21,10,34.01
22-12-2023,21,11,31.22
22-12-2023,21,12,31.22
22-12-2023,22,1,31.22
22-12-2023,22,2,31.22
22-12-2023,22,3,31.32
22-12-2023,22,4,31.67
22-12-2023,22,5,31.32
22-12-2023,22,6,31.22
22-12-2023,22,7,30.84
22-12-2023,22,8,30.84
22-12-2023,22,9,30.84
22-12-2023,22,10,30.84
22-12-2023,22,11,30.84
22-12-2023,22,12,30.84
22-12-2023,23,1,31.86
22-12-2023,23,2,31.5
22-12-2023,23,3,31.32
22-12-2023,23,4,31.86
22-12-2023,23,5,31.22
22-12-2023,23,6,31.22
22-12-2023,23,7,31.22
22-12-2023,23,8,30.84
22-12-2023,23,9,30.84
22-12-2023,23,10,30.84
22-12-2023,23,11,30.84
22-12-2023,23,12,30.84
22-12-2023,24,1,30.84
22-12-2023,24,2,30.84
22-12-2023,24,3,30.84
22-12-2023,24,4,30.84
22-12-2023,24,5,30.84
22-12-2023,24,6,30.84
22-12-2023,24,7,30.84
22-12-2023,24,8,30.84
22-12-2023,24,9,30.84
22-12-2023,24,10,30.84
22-12-2023,24,11,30.84
22-12-2023,24,12,30.84
23-12-2023,1,1,27.67
23-12-2023,1,2,29.16
23-12-2023,1,3,29.16
23-12-2023,1,4,29.16
23-12-2023,1,5,29.16
23-12-2023,1,6,29.16
23-12-2023,1,7,29.16
23-12-2023,1,8,29.16
23-12-2023,1,9,33.28
23-12-2023,1,10,29.69
23-12-2023,1,11,29.67
23-12-2023,1,12,29.56
23-12-2023,2,1,31.42
23-12-2023,2,2,31.43
23-12-2023,2,3,29.69
23-12-2023,2,4,31.43
23-12-2023,2,5,29.67
23-12-2023,2,6,29.67
23-12-2023,2,7,29.56
23-12-2023,2,8,29.56
23-12-2023,2,9,29.55
23-12-2023,2,10,28.43
23-12-2023,2,11,28.41
23-12-2023,2,12,27.67
23-12-2023,3,1,35.79
23-12-2023,3,2,35.81
23-12-2023,3,3,39.32
23-12-2023,3,4,37.5
23-12-2023,3,5,36.2
23-12-2023,3,6,34.19
23-12-2023,3,7,35.81
23-12-2023,3,8,33.44
23-12-2023,3,9,24.4
23-12-2023,3,10,29.2
23-12-2023,3,11,25.5
23-12-2023,3,12,29.2
23-12-2023,4,1,31.61
23-12-2023,4,2,32.49
23-12-2023,4,3,31.19
23-12-2023,4,4,31.17
23-12-2023,4,5,31.17
23-12-2023,4,6,32.43
23-12-2023,4,7,31.19
23-12-2023,4,8,25.26
23-12-2023,4,9,31.17
23-12-2023,4,10,31.17
23-12-2023,4,11,31.17
23-12-2023,4,12,31.17
23-12-2023,5,1,35.88
23-12-2023,5,2,35.86
23-12-2023,5,3,24.77
23-12-2023,5,4,31.17
23-12-2023,5,5,31.17
23-12-2023,5,6,25.28
23-12-2023,5,7,25.28
23-12-2023,5,8,24.77
23-12-2023,5,9,24.77
23-12-2023,5,10,24.77
23-12-2023,5,11,24.77
23-12-2023,5,12,24.77
23-12-2023,6,1,24.32
23-12-2023,6,2,24.32
23-12-2023,6,3,24.34
23-12-2023,6,4,24.32
23-12-2023,6,5,24.32
23-12-2023,6,6,24.34
23-12-2023,6,7,24.32
23-12-2023,6,8,24.33
23-12-2023,6,9,24.37
23-12-2023,6,10,24.37
23-12-2023,6,11,24.39
23-12-2023,6,12,24.77
23-12-2023,7,1,24.37
23-12-2023,7,2,24.38
23-12-2023,7,3,24.4
23-12-2023,7,4,24.39
23-12-2023,7,5,24.72
23-12-2023,7,6,24.72
23-12-2023,7,7,24.73
23-12-2023,7,8,24.73
23-12-2023,7,9,24.73
23-12-2023,7,10,24.73
23-12-2023,7,11,24.73
23-12-2023,7,12,24.73
23-12-2023,8,1,24.69
23-12-2023,8,2,24.7
23-12-2023,8,3,27.17
23-12-2023,8,4,27.17
23-12-2023,8,5,27.67
23-12-2023,8,6,28.1
23-12-2023,8,7,29.05
23-12-2023,8,8,28.58
23-12-2023,8,9,29.05
23-12-2023,8,10,29.05
23-12-2023,8,11,29.15
23-12-2023,8,12,29.15
23-12-2023,9,1,29.16
23-12-2023,9,2,29.16
23-12-2023,9,3,29.16
23-12-2023,9,4,29.16
23-12-2023,9,5,29.16
23-12-2023,9,6,29.16
23-12-2023,9,7,29.16
23-12-2023,9,8,29.16
23-12-2023,9,9,29.16
23-12-2023,9,10,29.16
23-12-2023,9,11,29.55
23-12-2023,9,12,30.52
23-12-2023,10,1,30.57
23-12-2023,10,2,31.17
23-12-2023,10,3,30.56
23-12-2023,10,4,30.56
23-12-2023,10,5,29.7
23-12-2023,10,6,30.56
23-12-2023,10,7,34.2
23-12-2023,10,8,31.17
23-12-2023,10,9,31.17
23-12-2023,10,10,32.5
23-12-2023,10,11,32.5
23-12-2023,10,12,35.36
23-12-2023,11,1,29.67
23-12-2023,11,2,31.16
23-12-2023,11,3,31.16
23-12-2023,11,4,33.34
23-12-2023,11,5,34.2
23-12-2023,11,6,35.35
23-12-2023,11,7,34.2
23-12-2023,11,8,35.35
23-12-2023,11,9,35.36
23-12-2023,11,10,37.31
23-12-2023,11,11,39.35
23-12-2023,11,12,40.13
23-12-2023,12,1,29.7
23-12-2023,12,2,29.71
23-12-2023,12,3,34.15
23-12-2023,12,4,34.15
23-12-2023,12,5,31.19
23-12-2023,12,6,33.3
23-12-2023,12,7,36.55
23-12-2023,12,8,36.55
23-12-2023,12,9,36.56
23-12-2023,12,10,36.55
23-12-2023,12,11,37.1
23-12-2023,12,12,37.64
23-12-2023,13,1,29.56
23-12-2023,13,2,29.56
23-12-2023,13,3,29.56
23-12-2023,13,4,31.63
23-12-2023,13,5,32.75
23-12-2023,13,6,33.3
23-12-2023,13,7,33.29
23-12-2023,13,8,33.29
23-12-2023,13,9,33.29
23-12-2023,13,10,35.59
23-12-2023,13,11,34.2
23-12-2023,13,12,29.56
23-12-2023,14,1,29.2
23-12-2023,14,2,29.56
23-12-2023,14,3,29.56
23-12-2023,14,4,31.1
23-12-2023,14,5,31.1
23-12-2023,14,6,31.1
23-12-2023,14,7,31.1
23-12-2023,14,8,31.1
23-12-2023,14,9,31.1
23-12-2023,14,10,30.31
23-12-2023,14,11,31.1
23-12-2023,14,12,31.1
23-12-2023,15,1,29.56
23-12-2023,15,2,29.56
23-12-2023,15,3,29.56
23-12-2023,15,4,29.56
23-12-2023,15,5,29.56
23-12-2023,15,6,29.56
23-12-2023,15,7,29.56
23-12-2023,15,8,29.56
23-12-2023,15,9,29.56
23-12-2023,15,10,29.56
23-12-2023,15,11,29.56
23-12-2023,15,12,30.79
23-12-2023,16,1,29.56
23-12-2023,16,2,30.91
23-12-2023,16,3,30.91
23-12-2023,16,4,30.9
23-12-2023,16,5,30.91
23-12-2023,16,6,30.91
23-12-2023,16,7,30.91
23-12-2023,16,8,30.91
23-12-2023,16,9,31.77
23-12-2023,16,10,31.77
23-12-2023,16,11,33.38
23-12-2023,16,12,33.41
23-12-2023,17,1,29.18
23-12-2023,17,2,29.56
23-12-2023,17,3,29.56
23-12-2023,17,4,29.56
23-12-2023,17,5,29.56
23-12-2023,17,6,36
23-12-2023,17,7,37.09
23-12-2023,17,8,42.39
23-12-2023,17,9,51
23-12-2023,17,10,63.09
23-12-2023,17,11,75.14
23-12-2023,17,12,61.58
23-12-2023,18,1,33.04
23-12-2023,18,2,38.51
23-12-2023,18,3,38.51
23-12-2023,18,4,33.48
23-12-2023,18,5,33.49
23-12-2023,18,6,38.54
23-12-2023,18,7,33.48
23-12-2023,18,8,36
23-12-2023,18,9,29.56
23-12-2023,18,10,32.36
23-12-2023,18,11,29.56
23-12-2023,18,12,29.56
23-12-2023,19,1,38.55
23-12-2023,19,2,37.9
23-12-2023,19,3,33.33
23-12-2023,19,4,33.33
23-12-2023,19,5,30.96
23-12-2023,19,6,33.04
23-12-2023,19,7,29.56
23-12-2023,19,8,29.55
23-12-2023,19,9,29.18
23-12-2023,19,10,29.18
23-12-2023,19,11,29.16
23-12-2023,19,12,29.16
23-12-2023,20,1,29.55
23-12-2023,20,2,29.55
23-12-2023,20,3,29.55
23-12-2023,20,4,29.56
23-12-2023,20,5,29.18
23-12-2023,20,6,29.18
23-12-2023,20,7,29.16
23-12-2023,20,8,29.16
23-12-2023,20,9,29.16
23-12-2023,20,10,29.16
23-12-2023,20,11,29.16
23-12-2023,20,12,29.16
23-12-2023,21,1,29.56
23-12-2023,21,2,29.56
23-12-2023,21,3,29.55
23-12-2023,21,4,29.16
23-12-2023,21,5,29.16
23-12-2023,21,6,29.16
23-12-2023,21,7,29.16
23-12-2023,21,8,29.16
23-12-2023,21,9,29.16
23-12-2023,21,10,29.16
23-12-2023,21,11,29.16
23-12-2023,21,12,29.16
23-12-2023,22,1,37.55
23-12-2023,22,2,31.22
23-12-2023,22,3,31.11
23-12-2023,22,4,31.11
23-12-2023,22,5,31.11
23-12-2023,22,6,31.11
23-12-2023,22,7,29.56
23-12-2023,22,8,29.56
23-12-2023,22,9,29.55
23-12-2023,22,10,29.56
23-12-2023,22,11,29.16
23-12-2023,22,12,29.16
23-12-2023,23,1,29.16
23-12-2023,23,2,29.16
23-12-2023,23,3,29.16
23-12-2023,23,4,28
23-12-2023,23,5,29.15
23-12-2023,23,6,29.05
23-12-2023,23,7,27.96
23-12-2023,23,8,27.96
23-12-2023,23,9,29.05
23-12-2023,23,10,27.96
23-12-2023,23,11,26.36
23-12-2023,23,12,24.77
23-12-2023,24,1,29.05
23-12-2023,24,2,26.36
23-12-2023,24,3,26.36
23-12-2023,24,4,25.05
23-12-2023,24,5,25.79
23-12-2023,24,6,24.77
23-12-2023,24,7,24.77
23-12-2023,24,8,24.77
23-12-2023,24,9,24.77
23-12-2023,24,10,24.77
23-12-2023,24,11,24.77
23-12-2023,24,12,24.77
24-12-2023,1,1,32.73
24-12-2023,1,2,32.82
24-12-2023,1,3,32.24
24-12-2023,1,4,32.23
24-12-2023,1,5,29.55
24-12-2023,1,6,27.96
24-12-2023,1,7,27.96
24-12-2023,1,8,26.36
24-12-2023,1,9,25.79
24-12-2023,1,10,25.79
24-12-2023,1,11,24.78
24-12-2023,1,12,24.78
24-12-2023,2,1,29.95
24-12-2023,2,2,31.49
24-12-2023,2,3,32.23
24-12-2023,2,4,31.49
24-12-2023,2,5,31.49
24-12-2023,2,6,29.96
24-12-2023,2,7,32.22
24-12-2023,2,8,29.96
24-12-2023,2,9,29.56
24-12-2023,2,10,29.56
24-12-2023,2,11,29.56
24-12-2023,2,12,29.56
24-12-2023,3,1,31.53
24-12-2023,3,2,31.53
24-12-2023,3,3,32.22
24-12-2023,3,4,31.53
24-12-2023,3,5,31.53
24-12-2023,3,6,31.53
24-12-2023,3,7,31.46
24-12-2023,3,8,31.5
24-12-2023,3,9,31.46
24-12-2023,3,10,31.45
24-12-2023,3,11,31.45
24-12-2023,3,12,31.45
24-12-2023,4,1,32.22
24-12-2023,4,2,32.23
24-12-2023,4,3,32.23
24-12-2023,4,4,32.22
24-12-2023,4,5,32.22
24-12-2023,4,6,32.22
24-12-2023,4,7,32.22
24-12-2023,4,8,29.56
24-12-2023,4,9,32.22
24-12-2023,4,10,32.22
24-12-2023,4,11,32.22
24-12-2023,4,12,32.22
24-12-2023,5,1,28.47
24-12-2023,5,2,29.56
24-12-2023,5,3,29.56
24-12-2023,5,4,29.56
24-12-2023,5,5,29.56
24-12-2023,5,6,27.67
24-12-2023,5,7,29.56
24-12-2023,5,8,28.47
24-12-2023,5,9,24.25
24-12-2023,5,10,24.25
24-12-2023,5,11,26.48
24-12-2023,5,12,24.25
24-12-2023,6,1,27.67
24-12-2023,6,2,26.48
24-12-2023,6,3,24.24
24-12-2023,6,4,24.24
24-12-2023,6,5,24.24
24-12-2023,6,6,24.24
24-12-2023,6,7,24.25
24-12-2023,6,8,26.48
24-12-2023,6,9,24.25
24-12-2023,6,10,24.25
24-12-2023,6,11,24.26
24-12-2023,6,12,26.48
24-12-2023,7,1,29.56
24-12-2023,7,2,29.56
24-12-2023,7,3,29.56
24-12-2023,7,4,29.69
24-12-2023,7,5,32.23
24-12-2023,7,6,32.23
24-12-2023,7,7,32.24
24-12-2023,7,8,32.24
24-12-2023,7,9,32.24
24-12-2023,7,10,34.68
24-12-2023,7,11,33.4
24-12-2023,7,12,35.15
24-12-2023,8,1,26.5
24-12-2023,8,2,29.56
24-12-2023,8,3,29.56
24-12-2023,8,4,29.56
24-12-2023,8,5,29.56
24-12-2023,8,6,30.75
24-12-2023,8,7,33.68
24-12-2023,8,8,33.93
24-12-2023,8,9,33.93
24-12-2023,8,10,33.94
24-12-2023,8,11,34.98
24-12-2023,8,12,35.41
24-12-2023,9,1,22.73
24-12-2023,9,2,24.38
24-12-2023,9,3,24.3
24-12-2023,9,4,24.27
24-12-2023,9,5,24.36
24-12-2023,9,6,24.32
24-12-2023,9,7,24.39
24-12-2023,9,8,26.5
24-12-2023,9,9,29.55
24-12-2023,9,10,29.56
24-12-2023,9,11,29.55
24-12-2023,9,12,32.15
24-12-2023,10,1,29.56
24-12-2023,10,2,27.96
24-12-2023,10,3,27.67
24-12-2023,10,4,27.67
24-12-2023,10,5,26.36
24-12-2023,10,6,27.96
24-12-2023,10,7,27.96
24-12-2023,10,8,26.86
24-12-2023,10,9,26.36
24-12-2023,10,10,27.67
24-12-2023,10,11,25.9
24-12-2023,10,12,26.36
24-12-2023,11,1,25.73
24-12-2023,11,2,25.79
24-12-2023,11,3,27.67
24-12-2023,11,4,25.9
24-12-2023,11,5,27.81
24-12-2023,11,6,27.96
24-12-2023,11,7,29.55
24-12-2023,11,8,29.55
24-12-2023,11,9,29.56
24-12-2023,11,10,29.55
24-12-2023,11,11,32.14
24-12-2023,11,12,29.56
24-12-2023,12,1,33.16
24-12-2023,12,2,33.17
24-12-2023,12,3,33.33
24-12-2023,12,4,42.16
24-12-2023,12,5,42.16
24-12-2023,12,6,42.26
24-12-2023,12,7,42.16
24-12-2023,12,8,45.32
24-12-2023,12,9,45.33
24-12-2023,12,10,45.43
24-12-2023,12,11,45.43
24-12-2023,12,12,45.33
24-12-2023,13,1,45.51
24-12-2023,13,2,45.43
24-12-2023,13,3,42.27
24-12-2023,13,4,50.78
24-12-2023,13,5,45.33
24-12-2023,13,6,48.48
24-12-2023,13,7,48.48
24-12-2023,13,8,42.16
24-12-2023,13,9,42.16
24-12-2023,13,10,42.2
24-12-2023,13,11,42.21
24-12-2023,13,12,42.27
24-12-2023,14,1,32.57
24-12-2023,14,2,32.26
24-12-2023,14,3,32.23
24-12-2023,14,4,32.85
24-12-2023,14,5,32.2
24-12-2023,14,6,32.23
24-12-2023,14,7,32.26
24-12-2023,14,8,32.56
24-12-2023,14,9,32.23
24-12-2023,14,10,32.23
24-12-2023,14,11,32.26
24-12-2023,14,12,32.97
24-12-2023,15,1,33.05
24-12-2023,15,2,34.35
24-12-2023,15,3,42.26
24-12-2023,15,4,42.26
24-12-2023,15,5,42.26
24-12-2023,15,6,35.13
24-12-2023,15,7,34.05
24-12-2023,15,8,33.34
24-12-2023,15,9,34.32
24-12-2023,15,10,34.05
24-12-2023,15,11,34.32
24-12-2023,15,12,36
24-12-2023,16,1,32.23
24-12-2023,16,2,32.23
24-12-2023,16,3,32.2
24-12-2023,16,4,32.2
24-12-2023,16,5,32.2
24-12-2023,16,6,32.2
24-12-2023,16,7,32.2
24-12-2023,16,8,32.2
24-12-2023,16,9,32.17
24-12-2023,16,10,32.2
24-12-2023,16,11,32.17
24-12-2023,16,12,32.2
24-12-2023,17,1,29.56
24-12-2023,17,2,30.03
24-12-2023,17,3,29.56
24-12-2023,17,4,29.56
24-12-2023,17,5,32.23
24-12-2023,17,6,32.23
24-12-2023,17,7,32.2
24-12-2023,17,8,32.98
24-12-2023,17,9,33.59
24-12-2023,17,10,35.67
24-12-2023,17,11,35.67
24-12-2023,17,12,33.79
24-12-2023,18,1,29.56
24-12-2023,18,2,29.56
24-12-2023,18,3,29.56
24-12-2023,18,4,29.56
24-12-2023,18,5,29.55
24-12-2023,18,6,28.61
24-12-2023,18,7,27.76
24-12-2023,18,8,26.57
24-12-2023,18,9,25.96
24-12-2023,18,10,24.63
24-12-2023,18,11,24.26
24-12-2023,18,12,24.25
24-12-2023,19,1,33.29
24-12-2023,19,2,32.2
24-12-2023,19,3,32.11
24-12-2023,19,4,32.11
24-12-2023,19,5,29.56
24-12-2023,19,6,29.56
24-12-2023,19,7,27.76
24-12-2023,19,8,27.76
24-12-2023,19,9,25.96
24-12-2023,19,10,24.26
24-12-2023,19,11,24.26
24-12-2023,19,12,24.26
24-12-2023,20,1,36
24-12-2023,20,2,33.59
24-12-2023,20,3,33.27
24-12-2023,20,4,33.27
24-12-2023,20,5,33.27
24-12-2023,20,6,32.41
24-12-2023,20,7,33.09
24-12-2023,20,8,32.26
24-12-2023,20,9,32.26
24-12-2023,20,10,32.2
24-12-2023,20,11,29.56
24-12-2023,20,12,31.8
24-12-2023,21,1,33.04
24-12-2023,21,2,32.41
24-12-2023,21,3,31.78
24-12-2023,21,4,32.14
24-12-2023,21,5,29.56
24-12-2023,21,6,29.56
24-12-2023,21,7,29.56
24-12-2023,21,8,29.55
24-12-2023,21,9,29.55
24-12-2023,21,10,27.76
24-12-2023,21,11,25.96
24-12-2023,21,12,25.96
24-12-2023,22,1,27.76
24-12-2023,22,2,29.55
24-12-2023,22,3,29.55
24-12-2023,22,4,27.76
24-12-2023,22,5,27.76
24-12-2023,22,6,27.28
24-12-2023,22,7,27.27
24-12-2023,22,8,25.39
24-12-2023,22,9,25.39
24-12-2023,22,10,25.39
24-12-2023,22,11,25.39
24-12-2023,22,12,24.26
24-12-2023,23,1,25.39
24-12-2023,23,2,24.26
24-12-2023,23,3,25.39
24-12-2023,23,4,24.24
24-12-2023,23,5,24.26
24-12-2023,23,6,24.26
24-12-2023,23,7,24.26
24-12-2023,23,8,24.25
24-12-2023,23,9,24.24
24-12-2023,23,10,24.23
24-12-2023,23,11,24.23
24-12-2023,23,12,24.23
24-12-2023,24,1,24.24
24-12-2023,24,2,24.23
24-12-2023,24,3,24.23
24-12-2023,24,4,24.23
24-12-2023,24,5,24.2
24-12-2023,24,6,27.76
24-12-2023,24,7,24.2
24-12-2023,24,8,24.17
24-12-2023,24,9,24.18
24-12-2023,24,10,24.18
24-12-2023,24,11,24.17
24-12-2023,24,12,24.17
25-12-2023,1,1,31.11
25-12-2023,1,2,28.28
25-12-2023,1,3,24.23
25-12-2023,1,4,24.23
25-12-2023,1,5,24.23
25-12-2023,1,6,24.23
25-12-2023,1,7,26
25-12-2023,1,8,27.77
25-12-2023,1,9,24.25
25-12-2023,1,10,26
25-12-2023,1,11,24.22
25-12-2023,1,12,26
25-12-2023,2,1,26.9
25-12-2023,2,2,26
25-12-2023,2,3,24.25
25-12-2023,2,4,24.25
25-12-2023,2,5,24.25
25-12-2023,2,6,24.22
25-12-2023,2,7,24.23
25-12-2023,2,8,24.22
25-12-2023,2,9,24.23
25-12-2023,2,10,24.22
25-12-2023,2,11,24.22
25-12-2023,2,12,24.22
25-12-2023,3,1,26.26
25-12-2023,3,2,26.26
25-12-2023,3,3,24.24
25-12-2023,3,4,22.09
25-12-2023,3,5,22.09
25-12-2023,3,6,22.06
25-12-2023,3,7,22.06
25-12-2023,3,8,22.09
25-12-2023,3,9,30.24
25-12-2023,3,10,29.29
25-12-2023,3,11,29.81
25-12-2023,3,12,31.1
25-12-2023,4,1,31.23
25-12-2023,4,2,31.12
25-12-2023,4,3,31.23
25-12-2023,4,4,31.23
25-12-2023,4,5,31.11
25-12-2023,4,6,31.12
25-12-2023,4,7,31.11
25-12-2023,4,8,31.12
25-12-2023,4,9,31.12
25-12-2023,4,10,31.1
25-12-2023,4,11,29.29
25-12-2023,4,12,29.9
25-12-2023,5,1,26.26
25-12-2023,5,2,27.27
25-12-2023,5,3,27.27
25-12-2023,5,4,27.27
25-12-2023,5,5,26.26
25-12-2023,5,6,27.27
25-12-2023,5,7,26.26
25-12-2023,5,8,24.17
25-12-2023,5,9,24.17
25-12-2023,5,10,24.17
25-12-2023,5,11,26.26
25-12-2023,5,12,20.04
25-12-2023,6,1,24.17
25-12-2023,6,2,24.17
25-12-2023,6,3,26.26
25-12-2023,6,4,24.18
25-12-2023,6,5,24.2
25-12-2023,6,6,24.17
25-12-2023,6,7,24.17
25-12-2023,6,8,24.2
25-12-2023,6,9,24.19
25-12-2023,6,10,24.17
25-12-2023,6,11,24.18
25-12-2023,6,12,24.2
25-12-2023,7,1,24.12
25-12-2023,7,2,24.12
25-12-2023,7,3,24.13
25-12-2023,7,4,24.12
25-12-2023,7,5,24.34
25-12-2023,7,6,24.13
25-12-2023,7,7,24.3
25-12-2023,7,8,24.22
25-12-2023,7,9,24.2
25-12-2023,7,10,24.2
25-12-2023,7,11,24.22
25-12-2023,7,12,24.25
25-12-2023,8,1,5.67
25-12-2023,8,2,14.29
25-12-2023,8,3,14.34
25-12-2023,8,4,15.29
25-12-2023,8,5,15.29
25-12-2023,8,6,15.39
25-12-2023,8,7,23.89
25-12-2023,8,8,20.04
25-12-2023,8,9,20.04
25-12-2023,8,10,20.04
25-12-2023,8,11,23.9
25-12-2023,8,12,23.9
25-12-2023,9,1,14.4
25-12-2023,9,2,14.4
25-12-2023,9,3,14.41
25-12-2023,9,4,15.29
25-12-2023,9,5,15.39
25-12-2023,9,6,15.49
25-12-2023,9,7,20.01
25-12-2023,9,8,23.75
25-12-2023,9,9,23.75
25-12-2023,9,10,23.75
25-12-2023,9,11,23.75
25-12-2023,9,12,23.75
25-12-2023,10,1,14.4
25-12-2023,10,2,20.01
25-12-2023,10,3,20.01
25-12-2023,10,4,20.01
25-12-2023,10,5,20.04
25-12-2023,10,6,24.22
25-12-2023,10,7,23.81
25-12-2023,10,8,24.22
25-12-2023,10,9,23.81
25-12-2023,10,10,23.84
25-12-2023,10,11,24.22
25-12-2023,10,12,24.2
25-12-2023,11,1,24.37
25-12-2023,11,2,24.23
25-12-2023,11,3,24.23
25-12-2023,11,4,24.23
25-12-2023,11,5,24.23
25-12-2023,11,6,24.23
25-12-2023,11,7,24.23
25-12-2023,11,8,24.23
25-12-2023,11,9,24.23
25-12-2023,11,10,24.23
25-12-2023,11,11,24.23
25-12-2023,11,12,24.23
25-12-2023,12,1,24.37
25-12-2023,12,2,24.37
25-12-2023,12,3,24.26
25-12-2023,12,4,24.25
25-12-2023,12,5,24.25
25-12-2023,12,6,24.25
25-12-2023,12,7,24.25
25-12-2023,12,8,24.34
25-12-2023,12,9,24.26
25-12-2023,12,10,24.26
25-12-2023,12,11,24.25
25-12-2023,12,12,24.37
25-12-2023,13,1,24.22
25-12-2023,13,2,24.25
25-12-2023,13,3,24.25
25-12-2023,13,4,24.25
25-12-2023,13,5,24.25
25-12-2023,13,6,24.26
25-12-2023,13,7,24.25
25-12-2023,13,8,24.37
25-12-2023,13,9,24.34
25-12-2023,13,10,24.26
25-12-2023,13,11,24.25
25-12-2023,13,12,24.34
25-12-2023,14,1,24.25
25-12-2023,14,2,24.25
25-12-2023,14,3,24.25
25-12-2023,14,4,24.25
25-12-2023,14,5,24.25
25-12-2023,14,6,24.25
25-12-2023,14,7,24.25
25-12-2023,14,8,24.26
25-12-2023,14,9,24.26
25-12-2023,14,10,24.26
25-12-2023,14,11,24.25
25-12-2023,14,12,24.26
25-12-2023,15,1,26
25-12-2023,15,2,26
25-12-2023,15,3,26
25-12-2023,15,4,25.45
25-12-2023,15,5,24.48
25-12-2023,15,6,24.48
25-12-2023,15,7,24.37
25-12-2023,15,8,24.37
25-12-2023,15,9,24.37
25-12-2023,15,10,24.37
25-12-2023,15,11,24.37
25-12-2023,15,12,24.48
25-12-2023,16,1,24.25
25-12-2023,16,2,24.25
25-12-2023,16,3,24.26
25-12-2023,16,4,24.25
25-12-2023,16,5,24.25
25-12-2023,16,6,24.26
25-12-2023,16,7,24.26
25-12-2023,16,8,24.26
25-12-2023,16,9,24.26
25-12-2023,16,10,24.26
25-12-2023,16,11,24.34
25-12-2023,16,12,24.27
25-12-2023,17,1,15.39
25-12-2023,17,2,24.22
25-12-2023,17,3,24.22
25-12-2023,17,4,24.22
25-12-2023,17,5,24.22
25-12-2023,17,6,24.22
25-12-2023,17,7,24.22
25-12-2023,17,8,24.22
25-12-2023,17,9,24.22
25-12-2023,17,10,24.23
25-12-2023,17,11,24.22
25-12-2023,17,12,24.22
25-12-2023,18,1,24.25
25-12-2023,18,2,24.23
25-12-2023,18,3,24.23
25-12-2023,18,4,24.22
25-12-2023,18,5,24.22
25-12-2023,18,6,24.22
25-12-2023,18,7,24.22
25-12-2023,18,8,24.22
25-12-2023,18,9,24.22
25-12-2023,18,10,24.07
25-12-2023,18,11,20.01
25-12-2023,18,12,20.04
25-12-2023,19,1,50.18
25-12-2023,19,2,24.22
25-12-2023,19,3,24.04
25-12-2023,19,4,24.04
25-12-2023,19,5,24.03
25-12-2023,19,6,23.78
25-12-2023,19,7,23.78
25-12-2023,19,8,23.77
25-12-2023,19,9,23.77
25-12-2023,19,10,23.77
25-12-2023,19,11,23.75
25-12-2023,19,12,15.39
25-12-2023,20,1,23.74
25-12-2023,20,2,23.78
25-12-2023,20,3,20.01
25-12-2023,20,4,15.49
25-12-2023,20,5,20.01
25-12-2023,20,6,15.49
25-12-2023,20,7,15.49
25-12-2023,20,8,15.39
25-12-2023,20,9,15.29
25-12-2023,20,10,15.29
25-12-2023,20,11,14.41
25-12-2023,20,12,15.39
25-12-2023,21,1,14.4
25-12-2023,21,2,14.4
25-12-2023,21,3,14.4
25-12-2023,21,4,14.4
25-12-2023,21,5,14.4
25-12-2023,21,6,14.39
25-12-2023,21,7,14.39
25-12-2023,21,8,14.38
25-12-2023,21,9,14.36
25-12-2023,21,10,14.35
25-12-2023,21,11,14.35
25-12-2023,21,12,14.34
25-12-2023,22,1,23.88
25-12-2023,22,2,20.01
25-12-2023,22,3,18.13
25-12-2023,22,4,18.13
25-12-2023,22,5,20.01
25-12-2023,22,6,18.12
25-12-2023,22,7,15.49
25-12-2023,22,8,15.39
25-12-2023,22,9,15.29
25-12-2023,22,10,15.39
25-12-2023,22,11,14.4
25-12-2023,22,12,14.37
25-12-2023,23,1,49.04
25-12-2023,23,2,21.88
25-12-2023,23,3,21.87
25-12-2023,23,4,18.13
25-12-2023,23,5,20.01
25-12-2023,23,6,15.49
25-12-2023,23,7,15.29
25-12-2023,23,8,15.29
25-12-2023,23,9,14.39
25-12-2023,23,10,14.39
25-12-2023,23,11,14.39
25-12-2023,23,12,14.38
25-12-2023,24,1,45.13
25-12-2023,24,2,24.17
25-12-2023,24,3,24.17
25-12-2023,24,4,24.17
25-12-2023,24,5,24.17
25-12-2023,24,6,24.17
25-12-2023,24,7,24.17
25-12-2023,24,8,24.17
25-12-2023,24,9,24.17
25-12-2023,24,10,24.17
25-12-2023,24,11,20.04
25-12-2023,24,12,20.01
26-12-2023,1,1,33.69
26-12-2023,1,2,31.43
26-12-2023,1,3,31.42
26-12-2023,1,4,31.42
26-12-2023,1,5,31.42
26-12-2023,1,6,31.42
26-12-2023,1,7,30.92
26-12-2023,1,8,20.01
26-12-2023,1,9,20.04
26-12-2023,1,10,14
26-12-2023,1,11,12.26
26-12-2023,1,12,12.26
26-12-2023,2,1,10.11
26-12-2023,2,2,12.26
26-12-2023,2,3,10.11
26-12-2023,2,4,10.11
26-12-2023,2,5,6.44
26-12-2023,2,6,6.46
26-12-2023,2,7,10.11
26-12-2023,2,8,6.1
26-12-2023,2,9,6.06
26-12-2023,2,10,5.98
26-12-2023,2,11,5.98
26-12-2023,2,12,5.92
26-12-2023,3,1,7.11
26-12-2023,3,2,6.11
26-12-2023,3,3,6.11
26-12-2023,3,4,5.92
26-12-2023,3,5,5.92
26-12-2023,3,6,5.85
26-12-2023,3,7,5.85
26-12-2023,3,8,5.67
26-12-2023,3,9,5.22
26-12-2023,3,10,5.22
26-12-2023,3,11,5.21
26-12-2023,3,12,5.21
26-12-2023,4,1,5.21
26-12-2023,4,2,5.21
26-12-2023,4,3,5.21
26-12-2023,4,4,4.83
26-12-2023,4,5,4.86
26-12-2023,4,6,4.86
26-12-2023,4,7,4.86
26-12-2023,4,8,4.97
26-12-2023,4,9,4.96
26-12-2023,4,10,4.86
26-12-2023,4,11,4.86
26-12-2023,4,12,2
26-12-2023,5,1,5.67
26-12-2023,5,2,5.67
26-12-2023,5,3,5.22
26-12-2023,5,4,5.67
26-12-2023,5,5,5.22
26-12-2023,5,6,5.85
26-12-2023,5,7,5.67
26-12-2023,5,8,5.67
26-12-2023,5,9,5.85
26-12-2023,5,10,5.85
26-12-2023,5,11,5.92
26-12-2023,5,12,5.98
26-12-2023,6,1,6.06
26-12-2023,6,2,6.18
26-12-2023,6,3,6.18
26-12-2023,6,4,10.11
26-12-2023,6,5,10.11
26-12-2023,6,6,12.26
26-12-2023,6,7,14
26-12-2023,6,8,13.5
26-12-2023,6,9,20.04
26-12-2023,6,10,20.01
26-12-2023,6,11,20.04
26-12-2023,6,12,23.91
26-12-2023,7,1,24.22
26-12-2023,7,2,24.22
26-12-2023,7,3,24.22
26-12-2023,7,4,24.22
26-12-2023,7,5,24.22
26-12-2023,7,6,24.22
26-12-2023,7,7,24.22
26-12-2023,7,8,24.22
26-12-2023,7,9,24.22
26-12-2023,7,10,24.22
26-12-2023,7,11,24.23
26-12-2023,7,12,24.23
26-12-2023,8,1,24.2
26-12-2023,8,2,24.23
26-12-2023,8,3,24.23
26-12-2023,8,4,24.23
26-12-2023,8,5,24.25
26-12-2023,8,6,24.31
26-12-2023,8,7,24.35
26-12-2023,8,8,24.32
26-12-2023,8,9,24.39
26-12-2023,8,10,26.9
26-12-2023,8,11,27.77
26-12-2023,8,12,27.77
26-12-2023,9,1,14.4
26-12-2023,9,2,24.22
26-12-2023,9,3,24.23
26-12-2023,9,4,24.37
26-12-2023,9,5,24.25
26-12-2023,9,6,24.37
26-12-2023,9,7,24.37
26-12-2023,9,8,24.37
26-12-2023,9,9,25.44
26-12-2023,9,10,25.5
26-12-2023,9,11,26
26-12-2023,9,12,26
26-12-2023,10,1,14.37
26-12-2023,10,2,24.2
26-12-2023,10,3,24.22
26-12-2023,10,4,24.22
26-12-2023,10,5,24.22
26-12-2023,10,6,24.23
26-12-2023,10,7,24.23
26-12-2023,10,8,24.23
26-12-2023,10,9,24.25
26-12-2023,10,10,24.26
26-12-2023,10,11,24.26
26-12-2023,10,12,24.25
26-12-2023,11,1,24.25
26-12-2023,11,2,24.25
26-12-2023,11,3,24.32
26-12-2023,11,4,24.31
26-12-2023,11,5,24.37
26-12-2023,11,6,25.45
26-12-2023,11,7,25.53
26-12-2023,11,8,26
26-12-2023,11,9,27.77
26-12-2023,11,10,27.77
26-12-2023,11,11,29.05
26-12-2023,11,12,29.05
26-12-2023,12,1,26.9
26-12-2023,12,2,27.77
26-12-2023,12,3,27.77
26-12-2023,12,4,28.95
26-12-2023,12,5,29.05
26-12-2023,12,6,29.05
26-12-2023,12,7,29.05
26-12-2023,12,8,29.05
26-12-2023,12,9,29.16
26-12-2023,12,10,29.05
26-12-2023,12,11,29.05
26-12-2023,12,12,29.16
26-12-2023,13,1,29.16
26-12-2023,13,2,29.16
26-12-2023,13,3,29.16
26-12-2023,13,4,29.16
26-12-2023,13,5,29.16
26-12-2023,13,6,29.16
26-12-2023,13,7,29.16
26-12-2023,13,8,29.16
26-12-2023,13,9,29.16
26-12-2023,13,10,29.16
26-12-2023,13,11,29.16
26-12-2023,13,12,29.16
26-12-2023,14,1,29.55
26-12-2023,14,2,29.55
26-12-2023,14,3,29.55
26-12-2023,14,4,29.16
26-12-2023,14,5,29.16
26-12-2023,14,6,29.55
26-12-2023,14,7,29.16
26-12-2023,14,8,29.16
26-12-2023,14,9,29.16
26-12-2023,14,10,29.16
26-12-2023,14,11,29.16
26-12-2023,14,12,29.16
26-12-2023,15,1,28.5
26-12-2023,15,2,28.94
26-12-2023,15,3,29.16
26-12-2023,15,4,29.16
26-12-2023,15,5,29.16
26-12-2023,15,6,29.16
26-12-2023,15,7,29.16
26-12-2023,15,8,29.16
26-12-2023,15,9,29.16
26-12-2023,15,10,29.16
26-12-2023,15,11,29.16
26-12-2023,15,12,29.16
26-12-2023,16,1,29.16
26-12-2023,16,2,29.16
26-12-2023,16,3,29.55
26-12-2023,16,4,29.56
26-12-2023,16,5,29.56
26-12-2023,16,6,29.56
26-12-2023,16,7,29.56
26-12-2023,16,8,29.56
26-12-2023,16,9,31.08
26-12-2023,16,10,32.17
26-12-2023,16,11,32.17
26-12-2023,16,12,32.17
26-12-2023,17,1,32.17
26-12-2023,17,2,32.17
26-12-2023,17,3,32.17
26-12-2023,17,4,32.16
26-12-2023,17,5,32.16
26-12-2023,17,6,32.17
26-12-2023,17,7,32.17
26-12-2023,17,8,32.21
26-12-2023,17,9,32.25
26-12-2023,17,10,34.04
26-12-2023,17,11,34.37
26-12-2023,17,12,34.05
26-12-2023,18,1,30.6
26-12-2023,18,2,31.97
26-12-2023,18,3,31.97
26-12-2023,18,4,31.97
26-12-2023,18,5,31.97
26-12-2023,18,6,32.21
26-12-2023,18,7,31.97
26-12-2023,18,8,32.22
26-12-2023,18,9,32.22
26-12-2023,18,10,32.21
26-12-2023,18,11,31.97
26-12-2023,18,12,31.96
26-12-2023,19,1,32.16
26-12-2023,19,2,32.17
26-12-2023,19,3,32.16
26-12-2023,19,4,32.16
26-12-2023,19,5,32.15
26-12-2023,19,6,31.09
26-12-2023,19,7,32.15
26-12-2023,19,8,30.6
26-12-2023,19,9,32.15
26-12-2023,19,10,29.56
26-12-2023,19,11,30.6
26-12-2023,19,12,29.56
26-12-2023,20,1,32.15
26-12-2023,20,2,29.56
26-12-2023,20,3,29.56
26-12-2023,20,4,29.56
26-12-2023,20,5,29.56
26-12-2023,20,6,29.56
26-12-2023,20,7,29.55
26-12-2023,20,8,29.55
26-12-2023,20,9,29.55
26-12-2023,20,10,29.16
26-12-2023,20,11,29.16
26-12-2023,20,12,29.16
26-12-2023,21,1,29.56
26-12-2023,21,2,29.56
26-12-2023,21,3,29.56
26-12-2023,21,4,29.56
26-12-2023,21,5,29.55
26-12-2023,21,6,29.16
26-12-2023,21,7,29.16
26-12-2023,21,8,29.16
26-12-2023,21,9,29.16
26-12-2023,21,10,29.16
26-12-2023,21,11,29.16
26-12-2023,21,12,29.16
26-12-2023,22,1,32.21
26-12-2023,22,2,32.02
26-12-2023,22,3,32.22
26-12-2023,22,4,32.02
26-12-2023,22,5,32.01
26-12-2023,22,6,32.01
26-12-2023,22,7,29.56
26-12-2023,22,8,29.56
26-12-2023,22,9,29.56
26-12-2023,22,10,29.55
26-12-2023,22,11,29.55
26-12-2023,22,12,29.16
26-12-2023,23,1,29.16
26-12-2023,23,2,29.16
26-12-2023,23,3,29.16
26-12-2023,23,4,29.16
26-12-2023,23,5,28.97
26-12-2023,23,6,26.9
26-12-2023,23,7,29.05
26-12-2023,23,8,28.98
26-12-2023,23,9,27.77
26-12-2023,23,10,28.97
26-12-2023,23,11,27.77
26-12-2023,23,12,25.36
26-12-2023,24,1,26
26-12-2023,24,2,26
26-12-2023,24,3,25.04
26-12-2023,24,4,25.04
26-12-2023,24,5,25.03
26-12-2023,24,6,25.04
26-12-2023,24,7,24.95
26-12-2023,24,8,24.95
26-12-2023,24,9,24.26
26-12-2023,24,10,24.26
26-12-2023,24,11,24.26
26-12-2023,24,12,24.25
